film,raters,average,spread,std dev,beap2,bigguccisosa777,faustozampa,will22
Barbie (2023),3,1.8333333333333333,0.5,0.23570226039551584,2.0,1.5,,2.0
Arrival (2016),3,2.8333333333333335,0.5,0.23570226039551584,3.0,3.0,2.5,
