signal,user,average_rating,rating_std,favorite_tier_pct,low_rating_pct,middle_rating_pct
most generous,will22,3.95850622406639,0.9554341557652032,46.47302904564315,10.78838174273859,24.066390041493776
strictest,faustozampa,3.5,1.1259291875748982,28.90625,24.21875,28.90625
most polarized,faustozampa,3.5,1.1259291875748982,28.90625,24.21875,28.90625
most moderate,beap2,3.4754901960784315,0.9134394778562864,18.627450980392158,17.647058823529413,35.78431372549019
