user,films considered,rated films,reviewed films,average rating,median rating,% 0.5,% 1.0,% 1.5,% 2.0,% 2.5,% 3.0,% 3.5,% 4.0,% 4.5,% 5.0
beap2,204,204,7,3.4754901960784315,3.5,0.0,2.450980392156863,0.9803921568627451,8.823529411764707,5.392156862745098,22.54901960784314,13.23529411764706,27.941176470588236,12.745098039215685,5.88235294117647
bigguccisosa777,402,402,3,3.394278606965174,3.5,1.2437810945273633,1.9900497512437811,3.482587064676617,5.223880597014925,9.45273631840796,19.402985074626866,21.641791044776117,19.65174129353234,9.203980099502488,8.706467661691542
faustozampa,130,128,26,3.5,3.5,0.78125,3.90625,4.6875,5.46875,9.375,11.71875,17.1875,17.96875,14.84375,14.0625
will22,273,241,48,3.95850622406639,4.0,0.8298755186721992,1.2448132780082988,1.2448132780082988,2.904564315352697,4.564315352697095,7.883817427385892,16.182572614107883,18.672199170124482,24.481327800829874,21.991701244813278
